epoch,loss,tf.__operators__.getitem_1_loss,tf.__operators__.getitem_loss,val_acc_en_id,val_acc_id_en,val_avg_acc,val_loss,val_tf.__operators__.getitem_1_loss,val_tf.__operators__.getitem_loss
0,0.13147380948066711,0.06633132696151733,0.06514215469360352,0.5545847039473685,0.5457442434210527,0.5501644736842106,0.07747502624988556,0.039606403559446335,0.03786861523985863
1,0.07339534908533096,0.03772873431444168,0.035666573792696,0.8271998355263158,0.8276110197368421,0.827405427631579,0.06549081951379776,0.034063030034303665,0.031427785754203796
2,0.06495702266693115,0.03378327563405037,0.03117370419204235,0.9105674342105263,0.907483552631579,0.9090254934210527,0.05854645371437073,0.030799737200140953,0.027746718376874924
3,0.05946015566587448,0.031186463311314583,0.02827373519539833,0.9418174342105263,0.9390419407894737,0.9404296875,0.05364682897925377,0.028489122167229652,0.025157704949378967
4,0.055366095155477524,0.02924700826406479,0.026119178161025047,0.956311677631579,0.9552837171052632,0.955797697368421,0.04989289119839668,0.026707414537668228,0.023185476660728455
