epoch,loss,mean_pooling_layer_1_loss,mean_pooling_layer_loss,val_acc_en_id,val_acc_id_en,val_avg_acc,val_loss,val_mean_pooling_layer_1_loss,val_mean_pooling_layer_loss
0,0.39682286977767944,0.2006438821554184,0.19617925584316254,0.93359375,0.9177517361111112,0.9256727430555556,0.31222444772720337,0.16126029193401337,0.15096412599086761
1,0.29005536437034607,0.15094412863254547,0.1391109675168991,0.9756944444444444,0.966796875,0.9712456597222222,0.25533589720726013,0.13430102169513702,0.12103484570980072
2,0.2506999373435974,0.13223466277122498,0.1184653714299202,0.9839409722222222,0.978515625,0.9812282986111112,0.2247725874185562,0.1196599006652832,0.10511264204978943
3,0.22693686187267303,0.12080075591802597,0.10613618046045303,0.9867621527777778,0.9837239583333334,0.9852430555555556,0.20505587756633759,0.11012604832649231,0.09492982923984528
4,0.21052630245685577,0.1128147542476654,0.09771135449409485,0.9893663194444444,0.9850260416666666,0.9871961805555556,0.1909896284341812,0.10327447205781937,0.08771516382694244
